Gene,0
AAAS ADRACALA GL003,-2.8559678899743592
ABCC3 CMOAT2 MLP2 MRP3,3.3186466466666653
ABCF1 ABC50,-1.00853954791453
ABI1 SSH3BP1,-1.6745261014500015
ABI2,3.141478151499998
ABLIM1 ABLIM KIAA0059 LIMAB1,2.2969686114
ABLIM3 KIAA0843 HMFN1661,-0.7297423075425916
ACAP2 CENTB2 KIAA0041,-1.3081457417666678
ACAP3 CENTB5 KIAA1716,-1.3081457417666678
ACIN1 ACINUS KIAA0670,-2.694991053741654
ACTA2 ACTSA ACTVS GIG46,-1.6652053541666674
ACTG1 ACTG,-1.6652053541666674
ADAR ADAR1 DSRAD G1P1 IFI4,-1.0241380165000011
ADD1 ADDA,-2.461707937199619
ADD2 ADDB,-2.320918217683104
ADD3 ADDL,-2.3944252339236796
AEBP1 ACLP,2.86203246675
AFAP1L1,-1.9893418542522556
AFF4 AF5Q31 MCEF HSPC092,0.7589091361072959
AGFG1 HRB RAB RIP,-4.116804066997182
AHCTF1 ELYS TMBS62 MSTP108,-1.3640271623030698
AHNAK PM227,-1.6654395794856998
AHNAK2 C14orf78 KIAA2019,-0.611310871462445
AJM1 C9orf172,1.258575487566434
AJUBA JUB,-1.4734366119294875
AKAP10,-2.5473996102333314
AKAP11 AKAP220 KIAA0629,-1.846209794915467
AKAP12 AKAP250,-7.083993157828325
AKAP13,6.385594563256402
AKAP13 BRX HT31 LBC,1.0466811452740337
AKAP7 AKAP15 AKAP18,-1.4591109714999984
AKNA KIAA1968,1.5582328077499992
AKT1S1 PRAS40,-11.269492858579543
ALB GIG20 GIG42 PRO0903 PRO1708 PRO2044 PRO2619 PRO2675 UNQ696/PRO1341,-2.8453999028644277
ALDH1A1 ALDC ALDH1 PUMB1,1.5568051521237016
ALG3 NOT NOT56L,1.9452770902884602
ALG9 DIBD1,3.0413507050476185
ALKBH5 ABH5 OFOXD1,-1.0422014646042779
AMOTL1,-1.079475626827486
ANGPTL2 ARP2 UNQ170/PRO196,-1.4679207778571441
ANK1 ANK,-3.124889960662741
ANK2 ANKB,1.2776681786111423
ANK3,1.3029195850396222
ANKLE2 KIAA0692 LEM4,1.6854525706161008
ANKRD50 KIAA1223,1.0158180316875
ANKS4B HARP,-1.7262996391062015
ANXA2 ANX2 ANX2L4 CAL1H LPC2D,-1.425803842444476
AP3B2,1.2057334192692313
API5 MIG8,-2.0271577925757582
APOBR APOB48R,1.0294087187368417
ARAP1 CENTD2 KIAA0782,-3.455339332764708
ARFGAP2 ZNF289 Nbla10535,-10.61862455775
ARFIP1,2.1539699851666656
ARHGAP15 BM-024 BM-030 BM-046,-1.0208649520614044
ARHGAP17 RICH1 MSTP066 MSTP110,-2.1029397000123846
ARHGAP24 FILGAP,-2.348529801099417
ARHGAP31 CDGAP KIAA1204,-5.130244251604001
ARHGAP32 GRIT KIAA0712 RICS,2.079337133357144
ARHGAP35 GRF1 GRLF1 KIAA1722 P190A p190ARHOGAP,-3.2064548096111096
ARHGAP4 KIAA0131 RGC1 RHOGAP4,2.550458392333336
ARHGAP45 HMHA1 KIAA0223,-1.507157590098483
ARHGAP5 RHOGAP5,-1.1090026426815138
ARHGDIA GDIA1,3.886530054
ARHGEF10L GRINCHGEF KIAA1626,-4.376388161374999
ARHGEF12 KIAA0382 LARG,-1.4120102299999988
ARHGEF16 EPHEXIN4 NBR,-1.618129708814712
ARHGEF17 KIAA0337 TEM4,-1.4507743891124798
ARHGEF2 KIAA0651 LFP40,-1.3023165327485386
ARHGEF26 SGEF HMFN1864,-5.978996452416665
ARHGEF28 KIAA1998 RGNEF,-1.5384852478571451
ARHGEF38,-3.057041221923808
ARHGEF5 TIM,-2.4270042609999987
ARK2N ARKL1 C18orf25,-2.6081350965000003
ARL2BP BART BART1,2.562559101666666
ARMC1 ARCP,-1.0122629669603171
ARPC5L,-1.2819206475897436
ARPP19,-6.923556889903515
ARVCF,1.0836281637361114
ARX,-8.807290145500001
ASAP3 DDEFL1 UPLC1,-6.257833668029997
ATAD2 L16 PRO2000,-2.0774924563999995
ATF2 CREB2 CREBP1,-2.10771743113421
ATF7IP MCAF MCAF1,1.4026309234642853
ATG16L1 APG16L UNQ9393/PRO34307,-1.5409072940029243
ATM,-4.004816633916665
ATN1 D12S755E DRPLA,-1.2095208700249998
ATP1A1,1.2133786828749997
ATP1B1 ATP1B,3.6626327051
ATP6V0A2,-1.209626544878676
ATRX RAD54L XH2,2.323669192219841
ATXN1 ATX1 SCA1,1.3911711718355555
BAD BBC6 BCL2L8,-1.41193749126316
BAG3 BIS,-2.560317704897626
BCAS1 AIBC1 NABC1,1.8728881348579551
BCL11A CTIP1 EVI9 KIAA1809 ZNF856,-1.0345036357262811
BCL2L14 BCLG,1.9895901127030298
BCL7C,1.555285841657143
BCLAF1 BTF KIAA0164,-7.47833458066299
BEGAIN KIAA1446,1.1446074318619044
BICD2 KIAA0699,1.6727278723333332
BLVRA BLVR BVR,-1.136572880892821
BNIP3L BNIP3A BNIP3H NIX,-3.079037119455559
BOD1L1 BOD1L FAM44A KIAA1327,-1.4185039677960118
BRCA1 RNF53,-3.1588676604166657
BRD2 KIAA9001 RING3,-1.5252511469333345
BRF2 BRFU PRO1470,-1.1482913572013882
C11orf96,0.20467582069561432
C1orf174,2.8574784236428585
C2CD4B FAM148B NLF2,2.27937686904689
C2orf49,1.0514860668455275
C9orf78 HCA59,-3.5583022103333315
CA9 G250 MN,2.657757206811763
CABLES1 CABLES,1.1173909278914473
CACTIN C19orf29,1.2218704036166668
CADPS CAPS CAPS1 KIAA1121,2.9221232334128024
CADPS2 CAPS2 KIAA1591,-1.2784580964000003
CALD1 CAD CDM,1.4869927982773694
CALU,1.7569922492330825
CAMK2B CAM2 CAMK2 CAMKB,2.567637948526315
CAMKK2 CAMKKB KIAA0787,-3.152153583400584
CAMSAP1,3.9987717199999993
CAMSAP2 CAMSAP1L1 KIAA1078,5.798731492700001
CAMSAP3 KIAA1543,2.7492919982777777
CANX,3.7852257135714273
CAPG AFCP MCP,-2.339979267396316
CARHSP1,-1.3060489854541666
CARMIL2 LRRC16C RLTPR,-1.3383948313000005
CARTPT CART,2.80772322378733
CASK LIN2,-2.4405194417499994
CASKIN2 KIAA1139,1.6001996767249995
CAST,-2.968990553297318
CAVIN1 PTRF FKSG13,-7.547466300834058
CBFB,1.2309737760636357
CCDC102A,-1.0382484643384218
CCDC120 JM11,-1.5761118413156405
CCDC43,-1.496009749157896
CCDC6 D10S170 TST1,-3.868326867066665
CCDC80 DRO1 URB HBE245,1.0346856363479537
CCDC86 CYCLON,4.379598598876919
CCDC88A APE GRDN KIAA1212,1.4763442108000011
CCDC88B BRLZ,-1.8715179227999994
CCNL1 BM-001 UNQ530/PRO1073,-2.122239894317262
CCNYL1,-1.5052749881428578
CCZ1B C7orf28B,-1.123500782789474
CD163L1 CD163B M160 UNQ6434/PRO23202,-1.066218860482973
CD2AP,-1.0828392920256453
CD74 DHLAG,1.5424357073158446
CDC20,-6.427272346242427
CDC26 ANAPC12 C9orf17,-3.390693933644446
CDC42BPA KIAA0451,1.7556719102857143
CDC42BPB KIAA1124,2.580067966666669
CDC42BPG DMPK2,1.4853893967333327
CDC42EP1 BORG5 CEP1 MSE55,-2.510179377271528
CDC42EP4 BORG4 CEP4,-4.223629026109749
CDK12 CRK7 CRKRS KIAA0904,-3.979929054241867
CDK13 CDC2L CDC2L5 CHED KIAA1791,4.018896888750003
CDK14 KIAA0834 PFTK1,-1.4768958474289475
CDK16 PCTAIRE1 PCTK1,-3.8526657239500017
CDK17 PCTAIRE2 PCTK2,-1.2076249807631585
CDK18 PCTAIRE3 PCTK3,-1.754385789251635
CDS1 CDS,1.6685756977610282
CENPA,-2.01004572655
CENPF,-4.789436761183292
CEP135 CEP4 KIAA0635,-1.7504025162389703
CEP152 KIAA0912,-1.1301597095289473
CEP170 FAM68A KAB KIAA0470,4.467595424099941
CEP170B FAM68C KIAA0284,-3.9519827301799353
CEP350 CAP350 KIAA0480 GM133,-2.969529932384016
CERS2 LASS2 TMSG1,1.5665078291428567
CFL1 CFL,-2.5006075365000004
CFTR ABCC7,1.0673787847083318
CHAMP1 C13orf8 CAMP CHAMP KIAA1802 ZNF828,-1.4163064314919944
CHD2,1.0130434530833332
CHGA,2.9586257944757297
CHGB SCG1,3.5031844928220868
CIC KIAA0306,-5.7289755749
CIT CRIK KIAA0949 STK21,1.156334229
CKAP5 KIAA0097,-2.76519594415
CLCN7,-3.721264527500002
CLDN18 UNQ778/PRO1572,1.830080166460215
CLGN,5.294120082836004
CLIP2 CYLN2 KIAA0291 WBSCR3 WBSCR4 WSCR4,1.1921729173484847
CLMN KIAA1188,1.9711718428612681
CLPS,-2.6470213969025647
CNKSR2,1.9382589617142856
CNN3,2.5313894911666677
COBL KIAA0633,-1.3724021124857142
COBLL1,-3.183787721203608
COG5 GOLTC1 GTC90,-1.092437816394875
COL17A1 BP180 BPAG2,5.010652363633334
COL3A1,-2.5454090455000005
COL6A3,6.132506540166665
COPA,1.1713959044210522
CORO7,-1.2872447244477125
CPEB2,1.301264653444445
CPSF6 CFIM68,2.0202223978333333
CRACD CRAD KIAA1211,-1.6513428187937154
CRACR2A EFCAB4B RAB46,-2.3785467087115357
CRMP1 DPYSL1 ULIP3,2.7110720640529986
CRTC3 TORC3,-1.1105725920909093
CRYAB CRYA2 HSPB5,-1.255433065210529
CRYBG3,-1.7241197785401734
CTDP1 FCP1,-1.2335796592767865
CTDSPL2 HSPC058 HSPC129,-1.3338065831049355
CTNNB1 CTNNB OK/SW-cl.35 PRO2286,-1.4725686580170936
CTNND1 KIAA0384,-2.0453425910417735
CTNND2,1.6661952643544196
CTRB2,-1.0224655934155853
CTTN EMS1,-1.585365838540634
CTTNBP2NL KIAA1433,1.0815369232461534
CUL3 KIAA0617,-3.9269205134088265
CUL4A,1.7147009170396823
CXADR CAR,1.9040437835263142
CYLD CYLD1 KIAA0849 HSPC057,1.85248423
DAB2 DOC2,-1.9681749536894757
DAP DAP1,-5.710928272640688
DBNL CMAP SH3P7 PP5423,-3.660411832284679
DCDC2 KIAA1154 RU2,-2.5408432567133246
DCLK2 DCAMKL2 DCDC3B DCK2,-5.942398462250002
DDR1 CAK EDDR1 NEP NTRK4 PTK3A RTK6 TRKE,18.861400548500004
DDX3Y DBY,8.664944030714285
DDX51,3.0325479765000005
DENND1A FAM31A KIAA1608,-4.527205360666664
DENND2B HTS1 ST5,-1.2747314793263886
DENND4A IRLB MYCPBP,-1.3366423764333342
DENND4C C9orf55 C9orf55B,-2.1960324608
DEPTOR DEPDC6,-1.4620507795178568
DES,-6.171324034243813
DHCR7 D7SR,1.3869677169736847
DIP2A C21orf106 DIP2 KIAA0184,-3.253798658966664
DIP2C KIAA0934,-13.359058989299996
DKC1,-3.4876273840357146
DLG5 KIAA0583 PDLG,-1.3599339980000023
DLGAP4 DAP4 KIAA0964 SAPAP4,2.939072459666666
DMTN DMT EPB49,1.212703927291666
DNAJC3 P58IPK PRKRI,1.3445470673499993
DNPH1 C6orf108 RCL,1.1232577068142855
DOCK10 KIAA0694 ZIZ3,1.0043425542272246
DOCK6 KIAA1395,-3.393622493760235
DOCK7 KIAA1771,-1.2937942616625875
DOCK8,2.1814441646842098
DOCK9 KIAA1058 ZIZ1,-1.022755223509908
DOK3,2.6047891337361104
DOP1B C21orf5 DOPEY2 KIAA0933,-0.2556485241085531
DPF2,-1.2146262808696673
DPYSL3 CRMP4 DRP3 ULIP ULIP1,-1.6310069059052885
DSG2 CDHF5,0.030082846574676286
DTL CDT2 CDW1 DCAF2 L2DTL RAMP,2.534373188166668
DTNBP1,-1.0481321390908922
DTX3L BBAP,2.843110000279179
DUOXA2,1.7381477494736832
DVL2,-40.976840169317825
EBAG9 RCAS1,-3.1322856992258923
ECM2,1.2871458535605262
EDC4 HEDLS,103.13636514278359
EEPD1 KIAA1706,-1.213606768630719
EHBP1 KIAA0903 NACSIN,-2.609794597871398
EHD2 PAST2,-1.491561619845664
EI24 PIG8,2.168650737083335
EIF2AK3,0.6318926951747443
EIF2AK4 GCN2 KIAA1338,-2.1714480501388893
EIF2B4,-1.3479799213750003
EIF3A EIF3S10 KIAA0139,-3.1336236419166643
EIF3B EIF3S9,-1.9913924989583338
EIF3C EIF3S8,-5.458625620694442
EIF3F EIF3S5,-4.674757699142857
EIF4B,-4.230248929729082
EIF4EBP1,1.0868722999857137
EIF4ENIF1,29.4841756770518
EIF4G3,-3.189452225578947
ELF1,-1.0250782598307684
EMD EDMD STA,3.0060198711666666
EML4 C2orf2 EMAPL4,1.5345768567759484
ENSA,-7.026596483958332
EPB41 E41P,-3.172033913965723
EPB41L1,1.6151315961680446
EPB41L3 DAL1 KIAA0987,3.444575946862834
EPB41L4B EHM2 LULU2,1.4007528463636352
EPS15L1 EPS15R,-2.439410125853235
EPS8,-3.9007532655999992
EPS8L1 DRC3 EPS8R1 PP10566,1.2212570752587417
ERBB2 HER2 MLN19 NEU NGL,1.9100092477000046
ERBIN ERBB2IP KIAA1225 LAP2,-1.0681414138350875
ERICH5 C8orf47,2.470870952499999
ERMP1 FXNA KIAA1815,1.5044567161250002
ERRFI1 MIG6,-1.1314484507500002
ESF1 ABTAP C20orf6 HDCMC28P,-1.6457810973281743
ETV6 TEL TEL1,-4.749932048843088
EVL RNB6,-1.745877338394772
EVPL,1.4629320933215433
EZR VIL2,-2.649584863428572
F5,-1.8867933157
FAM110C,-1.2597447254471814
FAM193A C4orf8 RES4-22,1.2088892584642863
FAM53C C5orf6,-1.3471737303157907
FAM83B C6orf143,1.3718137000000012
FAM83E,1.6363655098571415
FAM83H,-2.2076399961985933
FARP1,1.0388604934833339
FBH1 FBXO18 hCG_24070,-7.2382552633569555
FBLN2,1.6216680417156861
FCHO1 KIAA0290,2.5146966313
FCHO2,-3.9197260786666654
FERMT1 C20orf42 KIND1 URP1,-1.3818463374592052
FERMT2 KIND2 MIG2 PLEKHC1,1.4658951178438886
FEZ1,-1.2346849921041667
FGD3 ZFYVE5,-2.240257728349999
FGD5,-3.504137689399998
FGD6 KIAA1362 ZFYVE24,1.274035724952632
FHIP1B C11orf56 FAM160A2 KIAA1759,-1.4523396347375002
FHL2 DRAL SLIM3,5.495244660000002
FIP1L1 FIP1 RHE,-1.3554476735255967
FKBP15 KIAA0674,2.3598337492999995
FLII FLIL,-3.130223526187504
FLNA,-1.9722629363838302
FLNB FLN1L FLN3 TABP TAP,1.263254008619318
FLNC ABPL FLN2,-3.2710858968813197
FMN1 FMN LD,1.2367145051587296
FMNL2 FHOD2 KIAA1902,-1.2329701123857155
FN1 FN,-2.843568218666668
FOXA2 HNF3B TCF3B,1.9284894510333328
FOXF1 FKHL5 FREAC1,-4.018782022652406
FOXO1 FKHR FOXO1A,-2.2795225212063497
FOXO3 FKHRL1 FOXO3A,1.433155320649573
FRYL AF4P12 KIAA0826,-1.4820344486363641
FXR2 FMR1L2,2.193241922666666
FYB1 FYB SLAP130,-3.595961492936653
G3BP1 G3BP,-2.6029305004444465
GAB1,-4.230094695095236
GAPDH GAPD CDABP0047 OK/SW-cl.12,-4.4673529723303576
GBF1 KIAA0248,-1.260246207679738
GCC2 KIAA0336 RANBP2L4,2.3367361748333315
GCG,-1.5620520609835538
GCN1 GCN1L1 KIAA0219,2.4791780196
GEMIN2 SIP1,2.120382364333333
GIGYF1 CDS2 PERQ1 PP3360,-1.685596360866012
GIGYF2 KIAA0642 PERQ2 TNRC15,-1.6066772988778941
GIT2 KIAA0148,-1.015608196736843
GJA1 GJAL,-1.5079885697428563
GJB1 CX32,1.2956759043888886
GLI2,1.301896426337333
GLI3,-2.489668866866668
GLIS2 NKL,1.2741860484636354
GLYR1 HIBDL NDF NP60 NPAC,-6.342910121999999
GNAS GNAS1,2.8431417534717927
GOLGA4,-3.4291976711026697
GOLGA5 RETII RFG5 PIG31,-1.0659542190588238
GOLGB1,1.204132103272727
GP1BB,-1.2309083411666666
GPAT3 AGPAT9 MAG1 HMFN0839 UNQ2753/PRO6492,-1.7361129876363648
GPRC5A GPCR5A RAI3 RAIG1,1.8445899481872956
GPRC5C hCG_1775257,-6.786332493666665
GPS1,-5.00784228035
GRAMD1B KIAA1201 UNQ3032/PRO9834,1.0511849443153851
GRAP2 GADS GRB2L GRID,2.0321299103333343
GRB14,-5.327970017235298
GSN,1.2357601892095238
GSTA1,3.549329979443097
GTF2F1 RAP74,-6.633128790000005
GTF2I BAP135 WBSCR6,1.6492279070833342
GULP1 CED6 GULP,2.726502035654545
H1-2 H1F2 HIST1H1C,7.801540655517011
H1-3 H1F3 HIST1H1D,8.092823924174581
H1-4 H1F4 HIST1H1E,8.092823924174581
H1-5 H1F5 HIST1H1B,8.17687849347619
HBA1; HBA2,-1.9938369738392867
HBB,-1.4503914148075585
HBD,-1.4597045508749995
HBG1 PRO2979,-2.0508841098499997
HCFC1 HCF1 HFC1,1.6743911524166684
HDGFL2 HDGF2 HDGFRP2 HRP2 UNQ785/PRO1604,3.6779202882352897
HECTD1 KIAA1131,0.6496035314696367
HEYL BHLHB33 HRT3,-1.4489935064833341
HIRIP3,-1.2936436469285706
HLA-A HLAA,2.6189076057438085
HMG20A HMGX1 HMGXB1,-2.7143826292500006
HMGA1 HMGIY,1.331257074202381
HMGCS1 HMGCS,-1.1325054879285708
HMGN1 HMG14,-1.1694130763666657
HMOX1 HO HO1,1.7908910676428569
HNRNPA0 HNRPA0,1.5815805733421056
HNRNPA1 HNRPA1,1.6826237127437187
HNRNPA2B1 HNRPA2B1,-2.792200094818181
HNRNPAB ABBP1 HNRPAB,-1.3328658401052633
HNRNPU C1orf199 HNRPU SAFA U21.1,-3.5953878815000007
HNRNPUL2 HNRPUL2,-2.5152695437714305
HOXB6 HOX2B,2.9601763586666667
HRH1,-2.092306511166665
HS1BP3,-1.215831816222222
HSD17B2 EDH17B2 SDR9C2,2.1219640010666665
HSF1 HSTF1,1.6802635129166645
HSH2D ALX,-1.1757344617428573
HSPA4 APG2 HSPH2,-6.943121495500007
HSPA4L APG1 HSPH3 OSP94,-6.940222667547536
HSPA5 GRP78,1.0638641279350005
HSPB1 HSP27 HSP28,-0.7527562376929565
HSPB6,-5.893085589500001
HSPH1 HSP105 HSP110 KIAA0201,-6.943121495500004
HTATSF1,1.9072794560835755
HUWE1 KIAA0312 KIAA1578 UREB1 HSPC272,-4.383571222264955
IKZF2 HELIOS ZNFN1A2,-1.9824124190000003
IL10RB CRFB4 D21S58 D21S66,-1.5100733082727278
IMUP C19orf33,2.104210430587719
INF2 C14orf151 C14orf173,-5.767115799098177
INO80C C18orf37,-2.3299616618571424
INPP5D SHIP SHIP1,-3.157045159147225
INS,2.210549956261905
IQGAP2,1.177362426750001
IRAG2 JAW1 LRMP,-3.733448023749998
IRF2,-2.688476861566665
IRF2BP2,-2.1543167246826904
IRF2BPL C14orf4 EAP1 KIAA1865 My039,-1.901966169041667
IRS1,2.182872275833334
ISCU,-1.549532706979167
ITGA3 MSK18,1.1127359023999999
ITGA4 CD49D,-2.1520386179444446
ITGA6,2.3630229719166658
ITGB4,-3.3518970124740077
ITIH2 IGHEP2,2.0857432207500017
ITPR1 INSP3R1,-1.5858169037222214
ITPR3,1.9104974480116015
ITPRID2 CS1 KIAA1927 KRAP SSFA2,-1.31221965917987
IWS1 IWS1L,1.5411971879241635
JUND,-1.1708914065468423
KANK2 ANKRD25 KIAA1518 MXRA3 SIP,-1.5468605198973686
KANK4 ANKRD38,-2.666759975723213
KANSL1 CENP-36 KIAA1267 MSL1V1 NSL1,1.1733500252105251
KBTBD11 CMLAP KIAA0711 KLHDC7C,2.8501248198
KCTD12 C13orf2 KIAA1778 PFET1,16.870264900633458
KIAA0930 C22orf9,-1.9139366928184207
KIAA1217 SKT,-1.4648268831887927
KIAA1671,-1.0465118868069632
KIF12,2.097058279969696
KIF13A RBKIN,-1.9436668265756323
KIF13B GAKIN KIAA0639,2.2157539257849996
KIF1B KIAA0591 KIAA1448,-1.1730392492435358
KIF21A KIAA1708 KIF2,1.3798616393293128
KIF26B,0.7083851854977794
KIFAP3 KIF3AP SMAP,-1.1917065202105275
KIZ C20orf19 NCRNA00153 PLK1S1 HT013,3.4636811337000006
KLC1 KLC KNS2,-1.3331920963047712
KLC4 KNSL8,-1.4507990261052646
KMT2B HRX2 KIAA0304 MLL2 MLL4 TRX2 WBP7,-2.076143662
KNG1 BDK KNG,-1.6851641948236844
KRI1,-1.9930947060000004
KRT13,-2.771781438083978
KRT17,-1.4751343495789495
KRT18 CYK18 PIG46,-1.3742525842311022
KRT19,1.9147731207277745
KRT23,3.3221429812500025
KRT5,-4.3947424600445375
KRT6A K6A KRT6D,-4.789792624818818
KRT6B K6B KRTL1,0.6203186077892431
KSR1 KSR,-2.002984550631581
LAD1 LAD,-0.8926098140479365
LAMB1,3.303773059546528
LARP1 KIAA0731 LARP,-1.9043228925595095
LARP1B LARP2,6.268539677999995
LASP1 MLN50,-1.0194254015789481
LAT,2.1161879420666656
LDB3 KIAA0613 ZASP,2.5206924055000006
LEO1 RDL,-0.5546754607352911
LGALS2,1.6157233419659092
LIG1,1.668511821839286
LILRB4,1.1619399470139877
LILRB4 ILT3 LIR5,1.1619399470139877
LIMA1 EPLIN SREBP3 PP624,-3.2248538932032695
LIMCH1 KIAA1102,-3.5601892938212916
LIME1 LIME LP8067,6.224176702600002
LIN52 C14orf46 hCG_21722,-1.4714072356160999
LIN54 CXCDC1 KIAA2037,-1.7311009713714278
LLGL2,1.7815242931578938
LMNA LMN1,-6.962163113906207
LMNB1 LMN2 LMNB,-4.059719755473684
LMNB2 LMN2,-2.984284177428572
LMO7 FBX20 FBXO20 KIAA0858,0.652402347068148
LMOD1,2.2000577361666664
LNPEP OTASE,-1.109730258159722
LPP,-2.1863644817500014
LPXN LDLP,3.1057219464821424
LRCH4 LRN LRRN1 LRRN4,-2.5795831465
LRRK2 PARK8,-2.2627050122738113
LSP1 WP34,1.3451198784037028
LUC7L2 CGI-59 CGI-74,1.4894974644095273
LUZP1,-2.6736953614953958
LYN JTK8,-1.4505535701778831
MACC1,3.370697099232202
MACROH2A1 H2AFY,-1.150278411830952
MAGED2 BCG1,1.7759269200714294
MAGI1 AIP3 BAIAP1 BAP1 TNRC19,1.3311739824
MAGI3 KIAA1634,-1.1350508534444452
MAP1A MAP1L,-0.21756873289715675
MAP1B,-2.7181689418145827
MAP1S BPY2IP1 C19orf5 MAP8 VCY2IP1,-1.4107706031333334
MAP2,6.513511548594461
MAP2K2 MEK2 MKK2 PRKMK2,-4.263216884000004
MAP3K21 KIAA1804 MLK4,1.3969567753
MAP4,1.7171127488529403
MAP4K3 RAB8IPL1,-3.12891782225
MAP4K4,-1.1052045650000009
MAP4K4 HGK KIAA0687 NIK,-1.0767643545394738
MAP7,1.9417184721210523
MAP7D1 KIAA1187 PARCC1 RPRC1 PP2464,3.0241652888333346
MAPK3 ERK1 PRKM3,2.1806625350571425
MAPT MAPTL MTBT1 TAU,1.2934657969052288
MARCKS MACS PRKCSL,-2.4139552188894746
MARCKSL1 MLP MRP,9.578514351106541
MAST2 KIAA0807 MAST205,2.6912699442
MCF2L KIAA0362 OST,1.286092626428572
MCM3,2.6313097577500004
MCMBP C10orf119,-1.5124657665714285
MDC1 KIAA0170 NFBD1,1.4943139956500016
MED14 ARC150 CRSP2 CXorf4 DRIP150 EXLM1 RGR1 TRAP170,-1.3527548750500005
MEF2D,-1.3193213468526317
MEPCE BCDIN3,1.599593788500001
MFAP1,-3.6727562732196075
MFF C2orf33 AD030 AD033 GL004,-2.2919057726833154
MFSD6 MMR2,1.0728856039652783
MGA KIAA0518 MAD5,2.0110080448201817
MIA2 CTAGE5 MEA11 MEA6 MGEA11 MGEA6,18.66087384355556
MIB1 DIP1 KIAA1323 ZZANK2,-1.4247559334249984
MICAL2 KIAA0750 MICAL2PV1 MICAL2PV2 MICALCL,1.0505865133496504
MICALL2 JRAB,3.0066910242499985
MIDEAS C14orf117 C14orf43 ELMSAN1,-1.0906446857952623
MIER1 KIAA1610,0.8023922076126823
MINDY1 FAM63A KIAA1390,1.7109032711666663
MINDY4 C7orf67 FAM188B,3.107495471611112
MINK1 B55 MAP4K6 MINK YSK2 ZC3,-2.5281539815999983
MISP C19orf21,3.32249367515744
MITF BHLHE32,-2.817026605499999
MKI67,-4.2838296538885325
MKNK1 MNK1,1.1069566972500002
MLF1,2.0911955111666667
MLN,-1.059068893444448
MNX1 HLXB9,1.2890794931463625
MPHOSPH8 MPP8,-2.0196141264808336
MPP1 DXS552E EMP55,-1.4797333123464056
MPRIP KIAA0864 MRIP RHOIP3,-2.9183185406702647
MPST TST2,1.0351142539982143
MRTFB KIAA1243 MKL2,-1.957311815525
MSANTD2 C11orf61,-4.524935728800003
MTDH AEG1 LYRIC,3.657652124300001
MTFR1L FAM54B HYST1888 MSTP116,-2.080652559998368
MTMR3 KIAA0371 ZFYVE10,3.1237299081071432
MTMR6,1.0548493692727274
MTOR FRAP FRAP1 FRAP2 RAFT1 RAPT1,-3.1898950923333347
MTUS1 ATBP ATIP GK1 KIAA1288 MTSG1,1.2358551904441455
MTUS2 CAZIP KIAA0774 TIP150,-2.0592573475
MUC1 PUM,-1.167608229445833
MUC13 DRCC1 RECC UNQ6194/PRO20221,-1.750954401944445
MUC3A MUC3,1.02926067111111
MX2,-1.2566963919210534
MXRA5,5.884218217250001
MYCBP2 KIAA0916 PAM,1.2137826168194445
MYCT1 MTLC MTMC1,-1.8459553668333344
MYEF2 KIAA1341,1.9610920890842103
MYH10,1.075172964792298
MYH11 KIAA0866,0.7773912018837118
MYH14 KIAA2034 FP17425,2.2716379064518857
MYLK MLCK MLCK1 MYLK1,-0.6337485561091751
MYLK2,1.5844789027999995
MYO1G HA2,-1.932462822936507
MYO7B,-1.274912705052634
MYO9B MYR5,-4.458134204699301
MYOF FER1L3 KIAA1207,1.086025467222223
MYPN MYOP,7.626875581800002
N4BP1 KIAA0615,-1.3485082783210536
NACA HSD48,1.2874501718487397
NADK,-1.044024300453033
NASP,2.870193577923076
NAV1 KIAA1151 KIAA1213 POMFIL3 STEERIN1,-2.655617963780763
NBAS NAG,4.027814689083331
NBEAL2 KIAA0540 UNQ253/PRO290,-2.9371860301458024
NCF2 NOXA2 P67PHOX,1.1917774035625004
NCK1 NCK,-1.2931830910329667
NCL,-1.9091876443188052
NCOR1 KIAA1047,-3.2549872867590106
NCOR2 CTG26,1.5910378828831164
NDRG1 CAP43 DRG1 RTP,-2.2174638511616163
NECTIN1 HVEC PRR1 PVRL1,1.023781768175
NEFH KIAA0845 NFH,3.2189053871135083
NEK9,1.222383759455569
NELFE RD RDBP,-1.1223249791578958
NEO1,1.6185101089444451
NES Nbla00170,-2.1096537847836796
NEXN,-0.32674912658484145
NF1,-1.4751354469157894
NFIA KIAA1439,1.6255852044363626
NFKB1,-3.8594569991666674
NFRKB INO80G,-3.070933095986841
NGEF,-10.701902154124992
NHERF1 NHERF SLC9A3R1,-1.5563967618202068
NHS,2.9300050900000016
NHSL2,-3.980823343263225
NHSL3 KIAA1522,-0.03861173376377919
NIBAN2 C9orf88 FAM129B,1.607028939205269
NIPBL IDN3 SCC2,-1.5082534919435966
NOL9,-1.201536353936507
NOP2 NOL1 NSUN1,-1.4591385012142857
NOP58 NOL5 NOP5 HSPC120,-1.663967196251462
NOTCH1 TAN1,-2.1369067359999994
NPDC1,1.3776670216842093
NPEPPS,-2.0905235134211124
NRCAM KIAA0343,2.7633206479999988
NSFL1C UBXN2C,-2.1873516225199996
NT5C DNT1 UMPH2,-1.0862100413035711
NUCKS1 NUCKS JC7,1.0962256535634927
NUMA1 NMP22 NUMA,-5.682180080963395
NUP153,-1.3728944426500016
NUP214 CAIN CAN KIAA0023,-1.985867640909866
NUP98 ADAR2,1.111693038555556
OCLN,29.81231409350002
OGA HEXC KIAA0679 MEA5 MGEA5,-3.7744808713999993
OSBPL10 ORP10 OSBP9,-2.795973913083213
OSBPL11 ORP11 OSBP12,1.33549950850614
OSBPL3 KIAA0704 ORP3 OSBP3,-1.4828300372277334
OXSR1 KIAA1101 OSR1,1.9626967413999998
P4HB ERBA2L PDI PDIA1 PO4DB,-0.02356275798838841
PABIR1 C9orf42 FAM122A,1.0404328864848489
PAICS ADE2 AIRC PAIS,2.35712708605
PAK1,-1.9176866092499982
PALM2AKAP2 KIAA0920 PAKAP PALM2,-1.1318270437631592
PALM3,1.291375021611111
PAM,-1.9138676919152116
PARD3B ALS2CR19 PAR3B PAR3L,-2.6614811581111124
PARP14 BAL2 KIAA1268,2.974188103349998
PARP4 ADPRTL1 KIAA0177 PARPL,1.1040882789394029
PARVA MXRA2,-2.3514823156802382
PARVB CGI-56,-1.2074930240735278
PATL1 OK/KNS-cl.5,-8.121037597250004
PAXBP1 C21orf66 GCFC GCFC1,-2.377599048136365
PCBP1,2.214212520833334
PCDH7,-2.849681171533335
PCDH9,1.6348219905444452
PCLO ACZ KIAA0559,2.8368511649794863
PCYT1A CTPCT PCYT1,1.2374243258585862
PDAP1 HASPP28,-5.979282831777777
PDCL PHLOP1 PhLP1,2.0317095322000007
PDLIM1 CLIM1 CLP36,1.6257822237272719
PDLIM4 RIL,-1.4102774922624992
PDLIM5 ENH L9,-3.956544983732515
PDLIM7 ENIGMA,1.342686864999999
PDS5B APRIN AS3 KIAA0979,-3.043069768750001
PDZRN3 KIAA1095 LNX3 SEMCAP3,-1.050588426473685
PEBP1 PBP PEBP,-3.368137526677053
PFKFB2,-1.2318768042222223
PFKFB3,-1.2647049319509802
PFKP PFKF,-1.6251955831763158
PGLS,-5.590833552444452
PGM5 PGMRP,-1.402124203674923
PHACTR4 PRO2963,-1.3651620054553568
PHC2,-1.017418981569852
PHF3 KIAA0244,-1.5853124028386818
PHRF1 KIAA1542,61.199665902177784
PHYHIPL KIAA1796 UNQ6309/PRO20934,-1.6986181428333342
PI4K2A,-3.256947223463634
PI4K2B,1.129633134244444
PI4KB PIK4CB,-1.5727415450909101
PIAS1 DDXBP1,-1.136106973658822
PICALM CALM,1.7130503544999998
PIEZO1 FAM38A KIAA0233,-1.0368042413815786
PITPNM2 KIAA1457 NIR3,-2.054854308411765
PKM OIP3 PK2 PK3 PKM2,-1.0631310635833335
PKP1,1.1957186944999991
PKP2,1.4445476322826316
PKP3,1.7399884076939796
PKP4,0.0008265407899332612
PLA2G4A CPLA2 PLA2G4,-4.137450416749995
PLA2G4C,-1.4335984853333328
PLCD3 KIAA1964,1.8818028538571425
PLCG1 PLC1,-4.121613829553572
PLEC PLEC1,-2.1215928176417966
PLEK2,3.417948422818184
PLEKHA2 TAPP2,-1.6498142929111115
PLEKHA4 PEPP1,-1.1518217747272717
PLEKHA5 KIAA1686 PEPP2,-1.188534931052634
PLEKHA6 KIAA0969 PEPP3,-1.9502204161795673
PLEKHA7,-1.4490952232485264
PLEKHF1 APPD LAPF ZFYVE15,1.9762376084545448
PLEKHG2,1.5785613758333346
PLEKHG3 KIAA0599,1.201629679171224
PLEKHH2 KIAA2028,-2.0304179523900934
PLEKHO2 PLEKHQ1 PP9099,1.3448693801587308
PLG,-1.058047834736843
PLIN1 PERI PLIN,2.5337799239995094
PLS3,-1.5971756554
PLXDC2 TEM7R UNQ2514/PRO6003,-1.2857129445263171
PML MYL PP8675 RNF71 TRIM19,1.244373583279608
PNISR C6orf111 SFRS18 SRRP130 HSPC261 HSPC306,-2.4401598920487313
PNN DRS MEMA,-4.083250663617942
POSTN OSF2,1.1575401277863766
PPFIBP1 KIAA1230,1.6210538571346111
PPHLN1 HSPC206 HSPC232,-1.1931638951921573
PPIG,-1.1345373813088218
PPL KIAA0568,1.336073154070001
PPP1R12B MYPT2,-1.7164452601643374
PPP1R12B sm-M20,-1.7164452601643374
PPP1R12C LENG3 MBS85,-1.4353146194727273
PPP1R13L IASPP NKIP1 PPP1R13BL RAI,-2.5815302215022546
PPP1R14D,-3.7476081326208335
PPP1R18 HKMT1098 KIAA1949,-1.1621938527999998
PPP1R1B DARPP32,1.845631032116665
PPP1R2 IPP2,-3.3199549381805564
PPP2R5D,-4.448742097000001
PPP3CA CALNA CNA,1.3222357569999998
PPP3CC CALNA3 CNA3,-1.6326011549623385
PRAG1 SGK223,1.3226050360317456
PRAM1,1.1897419104322309
PRC1,9.104514453654764
PRCC TPRC,2.8261039589434174
PRDM1 BLIMP1,1.9319093161149037
PRDX2 NKEFB TDPX1,1.7535365094642859
PRKAB2,-1.9340010892896382
PRKACB,2.0734929631
PRKCA PKCA PRKACA,-1.5846993338947375
PRKCB PKCB PRKCB1,-0.10074931391594642
PRKCZ PKC2,-1.1881619680714282
PRKD1 PKD PKD1 PRKCM,-1.3227247650842122
PRKD2 PKD2 HSPC187,-0.7471458172099888
PRKRA PACT RAX HSD-14 HSD14,-1.4493352805970046
PRP4K KIAA0536 PRP4 PRP4B PRP4H PRPF4K,-0.774824359618783
PRPF3 HPRP3 PRP3,2.724127266520001
PRPF38A,1.5251878101904777
PRPF38B,1.771088442459892
PRRC2A BAT2 G2,-2.3952552104875124
PRRC2C BAT2D1 BAT2L2 KIAA1096 XTP2,-3.932905139307141
PRX KIAA1620,-0.16508188610483962
PSEN1 AD3 PS1 PSNL1,-1.1754757356111107
PSMC1,-1.806066293190476
PSMC3 TBP1,-1.2326735285366668
PTK2B FAK2 PYK2 RAFTK,-7.083865389054552
PTPN14 PEZ PTPD2,1.09669731033423
PTPN6 HCP PTP1C,-6.433006584000004
PTPRN2,1.1255788343289475
PUM1 KIAA0099 PUMH1,-2.8010866625394746
PWWP3B MUM1L1,2.0748665203333325
PXN,-25.26989363290913
PYGL,1.242022648774039
QARS1 QARS,-1.9217482415138887
QSOX2 QSCN6L1 SOXN,3.7690287471999997
RAB31 RAB22B,1.1873376221576195
RAB7A RAB7,-3.1267876085294155
RABGAP1 HSPC094,1.1613157455428564
RAI1 KIAA1820,-2.041894947329777
RALBP1 RLIP RLIP1 RLIP76,-2.289729802250003
RALGPS2,-2.2007037125555575
RANBP2 NUP358,-8.408940770836344
RANBP3,-1.044399012882026
RANGAP1 KIAA1835 SD,-2.6551892930000007
RAP1A KREV1,-2.3634199540500007
RAP1GAP KIAA0474 RAP1GA1,0.8625624106090537
RASAL2 NGAP,-2.9193559265833318
RASAL3,2.9811554426748894
RASEF RAB45,2.970576853499999
RASGRF2 GRF2,1.951358432916666
RASGRP2 CDC25L MCG7,-3.73431437829412
RASIP1,-1.327424748792398
RASSF2 CENP-34 KIAA0168,-1.4848699626558433
RASSF4 AD037,1.4980992886499995
RAVER1 KIAA1978,-3.7511976188947407
RB1,-1.4249706103157906
RBBP6 P2PR PACT RBQ1 My038,-1.1905999489751256
RBL2 RB2,-1.3739380552727274
RBM12B,-1.3477228914210544
RBM14 SIP,5.662648135871057
RBM15 OTT OTT1,0.30365174508789883
RBM15B OTT3,-1.9615396134732141
RBM27 KIAA1311,-1.2757776418516484
RBSN ZFYVE20,-2.45324692674026
RCSD1 CAPZIP,-1.5672991755530636
RECQL4 RECQ4,2.0630298230000026
REEP4 C8orf20 PP432,3.2809623101428564
RELCH KIAA1468,-2.241658674196462
REPS1,-2.6702909239704455
REPS2 POB1,1.4174099612321431
RFX3,-1.6075005194750003
RGS14,3.9085830059999993
RGS3,1.4458994795000009
RICTOR KIAA1999,-2.3817787056393964
RIPOR2,-1.0174582305438598
RNF113A RNF113 ZNF183,-2.392462942932749
RNF213,-1.538734059906862
ROBO1 DUTT1,-2.83691513270915
RPH3AL NOC2,2.4823955340952377
RPL12,-1.62553201255
RPLP2 D11S2243E RPP2,-8.699465795166669
RPRD2 KIAA0460 HSPC099,-2.1668788486000006
RPS2 RPS4,-3.5799829499375035
RPS6KA1 MAPKAPK1A RSK1,-1.669715878755557
RPS6KA4 MSK2,-2.497201669999999
RPTOR KIAA1303 RAPTOR,-3.6925443698333313
RPUSD2 C15orf19,-1.4347480509230006
RRAGC,1.5466334452000008
RRBP1 KIAA1398,-2.1478112117888917
RREB1 FINB,-2.325994142197161
RTKN RTKN1,1.0269927929772726
RTN1 NSP,-1.305368886035713
RUNX1 AML1 CBFA2,1.0801423456461536
S100A11 MLN70 S100C,1.6054903138333343
SAFB HAP HET SAFB1,-2.8073088177653402
SAFB2 KIAA0138,-2.822122585000004
SAMD4B,-1.2882027951328026
SAMSN1 HACS1,1.6000823174999985
SARG C1orf116,-2.855752111934416
SARNP HCC1 HSPC316,-1.5331084536666673
SASH3 CXorf9 SLY,-2.5954283599999983
SBNO1 MOP3,-8.257465613125001
SCAF11 CASP11 SFRS2IP SIP1 SRSF2IP,-2.1941897657613647
SCAF4 KIAA1172 SFRS15,-1.4574860240130725
SCAMP3 C1orf3 PROPIN1,-25.350348562356217
SCARF2 SREC2 SREPCR,3.92552269817593
SCEL,3.560981830930533
SCG2 CHGC,2.1377978931608164
SCG3 UNQ2502/PRO5990,7.153066739885709
SCG5 SGNE1,1.977309224701533
SCRIB,-4.761057929974024
SDC2 HSPG1,-2.5291076055000006
SEC62 TLOC1,2.7186661148077205
SEC63 DNAJC23 SEC63L,1.4164817900923072
SENP3 SSP3 SUSP3,1.1813051155789474
SEPTIN9 KIAA0991 MSF SEPT9,-1.5124076356524454
SF3B1,1.385534520400001
SFN HME1,-2.5418161117142843
SFSWAP SFRS8 SWAP,-3.463072207914285
SH2D3A NSP1 UNQ175/PRO201,1.3388011299696954
SH3BP4 BOG25 EHB10 TTP,-1.3124531754549016
SH3BP5 SAB,1.7895073282499996
SH3BP5L KIAA1720 UNQ2766/PRO7133,-1.4834169262105286
SHANK2 CORTBP1 KIAA1022 PROSAP1,2.9070311717738093
SHANK3 KIAA1650 PROSAP2 PSAP2,-1.7652686430000015
SHC1 SHC SHCA,-1.565851293605263
SHE,1.264032777625
SHROOM3 KIAA1481 SHRML MSTP013,-1.2601067785341868
SHROOM4 KIAA1202 SHAP,-1.5868650659504646
SHTN1 KIAA1598,2.912759384636586
SIK3,-2.6526422652631605
SIPA1 SPA1,-2.086165146117648
SIPA1L1 E6TP1 KIAA0440,-1.6759704103566129
SIPA1L3 KIAA0545 SPAL3,1.264370532427481
SLAIN2 KIAA1458,11.254415571139129
SLC12A6 KCC3,-1.1791488159000003
SLC16A1 MCT1,-4.976238386264542
SLC16A10 MCT10 TAT1,2.3887484528585876
SLC1A5 ASCT2 M7V1 RDR RDRC,-2.8405351577249984
SLC25A5 AAC2 ANT2,1.60725225825
SLC27A2 ACSVL1 FACVL1 FATP2 VLACS,-2.291661692192307
SLC35B2 PAPST1 PSEC0149,1.6856091314999992
SLC35F5 hCG_27227,1.0319948191010102
SLC43A1 LAT3 PB39 POV1,-1.7809918911428555
SLC4A4 NBC NBC1 NBCE1,-0.7456738460694669
SLC4A7 BT NBC2 NBC2B NBC3 NBCn1 SBC2 SLC4A6,-11.64874392967265
SLC8A2 KIAA1087 NCX2,1.9243191628684206
SLC9A1 APNH1 NHE1,3.412329416114907
SLC9A3 NHE3,3.147555916246372
SLCO2B1 KIAA0880 OATP2B1 OATPB SLC21A9,-2.8532228550555554
SLK KIAA0204 STK2,2.0614606756333336
SMAP C11orf58,-1.48663336760577
SMARCA2 BAF190B BRM SNF2A SNF2L2,1.4063874362620468
SMARCA4 BAF190A BRG1 SNF2B SNF2L4,-1.0692644750561413
SMARCA5 SNF2H WCRF135,-2.546655991290477
SMARCC1 BAF155,1.7214903185
SMARCC2 BAF170,-2.0103844678611136
SMC3 BAM BMH CSPG6 SMC3L1,-4.304953038738096
SMN1 SMN SMNT; SMN2 SMNC,-1.9951518041615381
SMTN,2.2987153225084054
SND1 TDRD11,1.9368756752500014
SNIP1,-1.0430753642207606
SNRK KIAA0096 SNFRK,-2.595862247295321
SNTB1 SNT2B1,1.770603665206825
SNTB2 D16S2531E SNT2B2 SNTL,-3.893161742382144
SNX2 TRG9,-3.203303648303921
SNX7,-5.433010803583335
SNX9 SH3PX1 SH3PXD3A,2.6582124968079346
SOD3,-4.797728254563471
SON C21orf50 DBP5 KIAA1019 NREBP HSPC310 HSPC312,-4.332016641595598
SORBS3 SCAM1,-1.2057666126006543
SOS1,-3.2584853643483584
SOX6,1.9914296677500005
SPAG1,2.549511768833333
SPATA18 MIEAP,-1.163352531422223
SPATS2L DNAPTP6 SP1224,1.3213434413973688
SPCS2 KIAA0102 SPC25,2.198914326666668
SPECC1 CYTSB NSP5,1.1218589742666674
SPN CD43,-1.4572881002944449
SPP1 BNSP OPN PSEC0156,2.2146854379987087
SPRR1B,1.502760791568627
SPRY4,-1.1122846165454547
SPTA1 SPTA,-1.1694793801428571
SPTAN1 NEAS SPTA2,0.013813659242034653
SPTBN2 KIAA0302 SCA5,1.7252295486666664
SRCIN1 KIAA1684 P140 SNIP,1.3729009637202572
SRFBP1,-1.8965561682545458
SRP68,-1.0599056973454544
SRPRA SRPR,3.278081233055194
SRRM1,-3.4872653876753605
SRRM1 SRM160,-3.5138842323281883
SRRM2 KIAA0324 SRL300 SRM300 HSPC075,-1.805423024686186
SRSF10 FUSIP1 FUSIP2 SFRS13A TASR,-1.640527481268028
SRSF11 SFRS11,47.66817928399999
SRSF12 SFRS13B SFRS19 SRRP35,2.367866615499999
SRSF3 SFRS3 SRP20,-1.0847431393648714
SRSF4 SFRS4 SRP75,-2.850587524157896
SRSF6 SFRS6 SRP55,1.4981192280833326
SRSF8 SFRS2B SRP46,-28.276597686666683
SSB,-4.594964510224669
SSH1 KIAA1298 SSH1L,-2.7727662307
SSH3 SSH3L,-3.048862227324563
SSR3 TRAPG,2.764575092586843
SSRP1 FACT80,-2.0572114388285723
SST,3.8231424853333316
STIM1,0.937929842186625
STIM2,-1.2449880212394735
STK10 LOK,-0.954219069816815
STK25 SOK1 YSK1,-3.8486976019999974
STK26 MASK MST4,1.8191661718000005
STMN1 C1orf215 LAP18 OP18,-1.351970865611111
STRN,-4.576799316371208
STT3B SIMP,1.014768764789474
STX1A STX1,1.19211200862967
SUPT16H FACT140 FACTP140,-1.1901346870555565
SUPT5H SPT5 SPT5H,-3.0356180344270527
SVIL,2.0508080499999997
SYMPK SPK,-6.890182193237981
SYN1,-1.7776598301809519
SYNE2 KIAA1011 NUA,1.5502653127200008
SYNM DMN KIAA0353 SYN,-1.4648892714057011
SYNPO2,-6.50043258586891
SYNRG AP1GBP1 SYNG,1.5761370688571428
SYTL1 SLP1 SB146,1.160067447875
SYTL4,-1.134707718263159
SZRD1 C1orf144,-2.4974340090446434
TAB2 KIAA0733 MAP3K7IP2,-5.830228035666664
TACC2,1.7465290486990699
TAGAP TAGAP1 FKSG15,2.980554078222221
TAGLN SM22 WS3-10,-1.2321773722526317
TANK ITRAF TRAF2,-1.2966282682038457
TAOK1 KIAA1361 MAP3K16 MARKK,-1.1830267731916866
TAOK2 KIAA0881 MAP3K17 PSK PSK1 UNQ2971/PRO7431,-2.0983595129473698
TAPT1 CMVFR,1.3067261526666678
TBC1D1 KIAA1108,0.9555260076223129
TBC1D17,-1.9330724673333353
TBC1D22A,-1.3587245338833331
TBC1D22B C6orf197,-2.738362124040935
TBC1D30 KIAA0984,1.5381809560000002
TBC1D5 KIAA0210,1.976523527875001
TBC1D9B KIAA0676,-1.38664534431579
TBCB CG22 CKAP1,-1.7947618741104052
TBX2,3.2681252319608345
TC2N C14orf47 MTAC2D1,-1.2830571123554066
TCEA3 TFIISH,-1.5592971250897587
TCEAL4 NPD017,-1.6050841463724688
TCF20 KIAA0292 SPBP,-1.4349158925749996
TCOF1,-2.2203460984642858
TEAD1 TCF13 TEF1,-1.5478900740657129
TEX2 KIAA1738 TMEM96,-1.935146515277779
TFE3 BHLHE33,1.4661075560340278
TFEB,-58.29401334775056
TFPT INO80F,-1.1077158424122804
TFRC,1.0765300206108597
TGFB1I1 ARA55,0.43616721864583397
TGFBI BIGH3,-1.2546108233636348
TGS1 HCA137 NCOA6IP PIMT,-1.0629700868166665
TH TYH,1.4253667275750013
THEMIS2 C1orf38 ICB1,1.4402151723428567
THOC2 CXorf3,-1.3645930917666662
THRAP3 BCLAF2 TRAP150,-2.6870612091765254
TJAP1 PILT TJP4,1.0591821096868121
TJP1 hCG_27621,-0.4157566575561716
TJP2 X104 ZO2,-1.7675156059240844
TJP3 ZO3,-2.049551875431623
TLK2,1.5180345004
TLN1 KIAA1027 TLN,-3.3214682768313697
TMC4,-2.1001642641999996
TMC5 UNQ8238/PRO33604,-2.3686900803680757
TMCC3 KIAA1145,-4.541239580525792
TMEM131 KIAA0257 RW1,-1.2552212917292214
TMEM185B FAM11B,4.039481610428572
TMEM51 C1orf72,2.748907331619332
TMEM9B C11orf15 UNQ712/PRO1375,-1.1668467649444454
TMPO LAP2,3.4905612090536713
TMSB4X TB4X THYB4 TMSB4,1.3587239419659103
TMX2 TXNDC14 CGI-31 My009 PIG26 PSEC0045 UNQ237/PRO270,1.018133800259091
TNC HXB,-1.7724229335333368
TNFAIP2,-1.4867352338270594
TNFRSF14 HVEA HVEM UNQ329/PRO509,-1.186944629033334
TNIK KIAA0551,-3.354373272688616
TNKS1BP1 KIAA1741 TAB182,-3.716621349073102
TNRC18 CAGL79 KIAA1856,-4.222644627738098
TNRC6B KIAA1093,4.59986749477778
TNS1 TNS,-0.23919470784971292
TNS2 KIAA1075 TENC1,-2.2693164780714272
TNS3 TEM6 TENS1 TPP,-2.3031877774616762
TNS4 CTEN PP14434,1.5676262932499991
TOB2 KIAA1663 TOB4 TROB2,-1.1135646134213675
TOM1,-2.374028145770462
TOP2A TOP2,1.204450344079365
TOR1AIP1 LAP1,0.6525116417043948
TP53BP1,-1.845372843488356
TPD52,-1.5796843378000005
TPD52L1,-1.8983534297959965
TPD52L2,-1.1588058281875002
TPM4,1.306894207511111
TPPP TPPP1,-4.7626265962500005
TRA2B SFRS10,16.161547000840287
TRAF6 RNF85,4.130891700999998
TRAM1 TRAM,1.0438825349791538
TRAPPC8 KIAA1012,4.159324188563638
TRIM22 RNF94 STAF50,-2.231568374200001
TRIM25 EFP RNF147 ZNF147,2.6989693202500016
TRIM28 KAP1 RNF96 TIF1B,26.408841593575676
TRIM29 ATDC,6.359490781395803
TRIM33 KIAA1113 RFG7 TIF1G,-2.209028874833332
TRIM50 TRIM50A,4.481929695666666
TRIO,-1.5360395400000004
TRPS1,-1.575557909600001
TSNAX TRAX,-3.8781934624545453
TTC7A KIAA1140 TTC7,-2.473260132961554
TTF2,1.7287384814666666
TTYH3 KIAA1691,1.6072527477333327
TUBA4A TUBA1,-3.112706343876163
TXLNG CXorf15 ELRG LSR5,1.6095841532597408
U2AF2 U2AF65,-3.756592497024106
U2SURP KIAA0332 SR140,-2.151390522333332
UBA1 A1S9T UBE1,-1.6182771652950467
UBA5 UBE1DC1,-2.5959886199272737
UBAP2L,-2.02422588728351
UBN1,-2.8018559149930558
UGDH,1.4457987762157893
ULK1 KIAA0722,-1.4844879793749985
UNC5B P53RDL1 UNC5H2 UNQ1883/PRO4326,1.1238913886837605
USH1C AIE75,1.9155931678888882
USP28,-1.0707816036461533
USP33 KIAA1097 VDU1,1.2239555205000001
USP47,-1.5797219916894734
USP53 KIAA1350,-1.8534479701666657
VASP,-1.2754050052237502
VCAN CSPG2,1.5285247197133978
VCL,-1.6883497642636522
VGF,3.782409830643137
VILL,3.0137314958750028
VIM,-1.1937918619762047
VPS26B,-2.1400274647333344
VPS4B SKD1 VPS42 MIG1,-3.326098309552627
VPS50 CCDC132 KIAA1861,-1.8446462060756854
VTN,-1.0243356472678575
VWA5B2,3.62916277375
WAPL FOE KIAA0261 WAPAL,-6.0080589417571435
WASHC2A FAM21A FAM21B,-0.9433736825999989
WASHC2C FAM21C KIAA0592 VPEF,-5.750084176608223
WASL,1.1176169970854246
WDR1,-1.8293529380150004
WDR11 BRWD2 KIAA1351 WDR15,1.0300800842909088
WDR44 RPH11,-1.4781816178210183
WDTC1 KIAA1037,-2.3480862058555565
WNK2,1.074082450805556
WRAP53 TCAB1 WDR79,-3.307168543000001
WWC2 BOMB,2.5641826089999995
XIRP1 CMYA1 XIN,-3.816946340615384
YBX1 NSEP1 YB1,-0.06051533919040618
YTHDC1 KIAA1966 YT521,-3.028617455815174
YWHAB,-2.5418161117142843
YWHAE,-2.5418161117142843
YWHAG,-2.5418161117142843
YWHAH YWHA1,-2.5418161117142843
YWHAQ,-2.5418161117142843
YWHAZ,-2.353809735436508
ZBTB20 DPZF ZNF288,1.8134783005
ZBTB46 BTBD4 ZNF340,2.523286398666666
ZBTB7A FBI1 LRF ZBTB7 ZNF857A,-1.1570970139783288
ZC3H13,-1.9752496659523342
ZC3H13 KIAA0853,-1.9752496659523342
ZC3H7B KIAA1031,-1.7094880402000003
ZC3HAV1 ZC3HDC2 PRO1677,-3.1871303801421704
ZDHHC5 KIAA1748 ZNF375,-1.5263538418421065
ZNF106 SH3BP3 ZFP106 ZNF474,-2.963671886000001
ZNF22 KOX15 KROX26,-1.4595423589484868
ZNF318 HRIHFB2436,-0.9927602838994702
ZNF384 CAGH1 CIZ NMP4 TNRC1,-1.930101761285714
ZNF592 KIAA0211,-1.5667707492000007
ZNF609 KIAA0295,-2.4858854623245623
ZNF740 TB7,-1.963852175411764
ZNF784,1.5788547232499996
ZNRF2 RNF202,1.0990239172818175
ZSWIM8 KIAA0913,-2.584203237357323
ZYX,1.5843471167222225
ZZEF1 KIAA0399,-2.085488787891402
